{
    "init_qpos" : [0, 0.1963495375, 0.00, -2.616, 0.00, 2.9415926, 0.78539815],
    "init_qvel" : [0, 0, 0, 0, 0, 0, 0]
}