{
    "init_qpos" : [0, 0.1963495375, 0.00, -2.616, 0.00, 2.9415926, 0.78539815],
    "goal_pos"  : [3.51973571e-01,  -5.71048947e-01,  
        2.34254765e-01,  2.60120314e-04, 
        -1.77597821e-05, -9.99999966e-01,  
        1.38757856e-05],
    "init_pose"  :[0.5,  -0.5,  
                   0.3,  2.60120314e-04, 
                   -1.77597821e-05, -9.99999966e-01,  
                   1.38757856e-05],
    "goal_pose"  : [1,  1,  
                   0.3,  2.60120314e-04, 
                   -1.77597821e-05, -9.99999966e-01,  
                   1.38757856e-05]
}