{
    "init_qpos" : [0, -1.18, 0.00, 2.18, 0.00, 0.57, -1.57],
    "goal_pos"  : [3.51973571e-01,  -5.71048947e-01,  
        2.34254765e-01,  2.60120314e-04, 
        -1.77597821e-05, -9.99999966e-01,  
        1.38757856e-05],
    "init_pose"  :[1,  -1,  
                   0.3,  2.60120314e-04, 
                   -1.77597821e-05, -9.99999966e-01,  
                   1.38757856e-05],
    "goal_pose"  : [1,  1,  
                   0.3,  2.60120314e-04, 
                   -1.77597821e-05, -9.99999966e-01,  
                   1.38757856e-05]
}